start,end,chord
0.000000,0.410000,N
0.410000,1.380000,E:min
1.380000,7.100000,B:min
7.100000,7.850000,E:min
7.850000,21.360000,B:min
21.360000,22.476939,A:min
