start,end,chord
0.000000,0.410000,N
0.410000,1.280000,E:min
1.280000,7.400000,B:min
7.400000,7.850000,E:min
7.850000,21.760000,B:min
21.760000,22.476939,A:min
